"Label","Benton County, Washington!!Estimate","Benton County, Washington!!Percent","Chelan County, Washington!!Estimate","Chelan County, Washington!!Percent","Clallam County, Washington!!Estimate","Clallam County, Washington!!Percent","Clark County, Washington!!Estimate","Clark County, Washington!!Percent","Cowlitz County, Washington!!Estimate","Cowlitz County, Washington!!Percent","Franklin County, Washington!!Estimate","Franklin County, Washington!!Percent","Grant County, Washington!!Estimate","Grant County, Washington!!Percent","Grays Harbor County, Washington!!Estimate","Grays Harbor County, Washington!!Percent","Island County, Washington!!Estimate","Island County, Washington!!Percent","King County, Washington!!Estimate","King County, Washington!!Percent","Kitsap County, Washington!!Estimate","Kitsap County, Washington!!Percent","Lewis County, Washington!!Estimate","Lewis County, Washington!!Percent","Mason County, Washington!!Estimate","Mason County, Washington!!Percent","Pierce County, Washington!!Estimate","Pierce County, Washington!!Percent","Skagit County, Washington!!Estimate","Skagit County, Washington!!Percent","Snohomish County, Washington!!Estimate","Snohomish County, Washington!!Percent","Spokane County, Washington!!Estimate","Spokane County, Washington!!Percent","Thurston County, Washington!!Estimate","Thurston County, Washington!!Percent","Whatcom County, Washington!!Estimate","Whatcom County, Washington!!Percent","Yakima County, Washington!!Estimate","Yakima County, Washington!!Percent","Washington!!Estimate","Washington!!Percent"
"HOUSING OCCUPANCY","","","","","","","","","","","","","","","","","","","","","","","","","","","","","","","","","","","","","","","","","",""
"    Total housing units","78,624","78,624","38,641","38,641","37,722","37,722","189,576","189,576","45,285","45,285","29,249","29,249","38,515","38,515","36,913","36,913","42,652","42,652","970,358","970,358","114,895","114,895","35,678","35,678","33,992","33,992","356,265","356,265","54,936","54,936","318,098","318,098","223,061","223,061","119,553","119,553","99,210","99,210","89,751","89,751","3,195,098","3,195,098"
"        Occupied housing units","73,678","93.7%","28,974","75.0%","33,022","87.5%","180,862","95.4%","42,790","94.5%","28,162","96.3%","30,866","80.1%","29,920","81.1%","35,586","83.4%","907,761","93.5%","107,525","93.6%","31,879","89.4%","24,820","73.0%","333,657","93.7%","49,043","89.3%","299,827","94.3%","211,723","94.9%","112,909","94.4%","88,794","89.5%","83,992","93.6%","2,932,477","91.8%"
"        Vacant housing units","4,946","6.3%","9,667","25.0%","4,700","12.5%","8,714","4.6%","2,495","5.5%","1,087","3.7%","7,649","19.9%","6,993","18.9%","7,066","16.6%","62,597","6.5%","7,370","6.4%","3,799","10.6%","9,172","27.0%","22,608","6.3%","5,893","10.7%","18,271","5.7%","11,338","5.1%","6,644","5.6%","10,416","10.5%","5,759","6.4%","262,621","8.2%"
"        Homeowner vacancy rate","1.5","(X)","1.5","(X)","2.1","(X)","0.7","(X)","0.2","(X)","0.0","(X)","2.0","(X)","0.9","(X)","0.5","(X)","1.5","(X)","0.5","(X)","0.7","(X)","0.0","(X)","0.8","(X)","1.7","(X)","0.5","(X)","1.1","(X)","2.0","(X)","0.7","(X)","0.7","(X)","1.1","(X)"
"        Rental vacancy rate","6.5","(X)","12.7","(X)","5.1","(X)","3.3","(X)","0.9","(X)","2.3","(X)","11.7","(X)","6.0","(X)","7.2","(X)","4.1","(X)","2.9","(X)","4.2","(X)","8.8","(X)","5.0","(X)","1.0","(X)","4.8","(X)","3.0","(X)","4.8","(X)","3.8","(X)","2.5","(X)","4.3","(X)"
"UNITS IN STRUCTURE","","","","","","","","","","","","","","","","","","","","","","","","","","","","","","","","","","","","","","","","","",""
"    Total housing units","78,624","78,624","38,641","38,641","37,722","37,722","189,576","189,576","45,285","45,285","29,249","29,249","38,515","38,515","36,913","36,913","42,652","42,652","970,358","970,358","114,895","114,895","35,678","35,678","33,992","33,992","356,265","356,265","54,936","54,936","318,098","318,098","223,061","223,061","119,553","119,553","99,210","99,210","89,751","89,751","3,195,098","3,195,098"
"        1-unit, detached","50,617","64.4%","25,937","67.1%","26,635","70.6%","125,486","66.2%","30,453","67.2%","20,339","69.5%","21,919","56.9%","26,812","72.6%","32,383","75.9%","504,836","52.0%","82,256","71.6%","24,588","68.9%","24,968","73.5%","231,785","65.1%","39,519","71.9%","196,685","61.8%","143,326","64.3%","81,625","68.3%","63,496","64.0%","60,598","67.5%","1,984,984","62.1%"
"        1-unit, attached","2,346","3.0%","730","1.9%","601","1.6%","10,800","5.7%","600","1.3%","1,484","5.1%","1,252","3.3%","757","2.1%","710","1.7%","49,625","5.1%","4,793","4.2%","299","0.8%","277","0.8%","16,262","4.6%","1,580","2.9%","14,118","4.4%","7,175","3.2%","4,722","3.9%","2,684","2.7%","3,866","4.3%","129,382","4.0%"
"        2 units","1,886","2.4%","1,888","4.9%","1,305","3.5%","6,396","3.4%","1,083","2.4%","0","0.0%","1,031","2.7%","368","1.0%","1,172","2.7%","14,708","1.5%","2,083","1.8%","601","1.7%","416","1.2%","9,077","2.5%","1,615","2.9%","8,200","2.6%","4,641","2.1%","4,074","3.4%","2,827","2.8%","2,755","3.1%","71,700","2.2%"
"        3 or 4 units","2,631","3.3%","1,115","2.9%","527","1.4%","6,184","3.3%","1,667","3.7%","1,120","3.8%","1,009","2.6%","781","2.1%","1,302","3.1%","38,154","3.9%","3,941","3.4%","1,080","3.0%","325","1.0%","15,532","4.4%","1,784","3.2%","11,398","3.6%","7,289","3.3%","3,474","2.9%","4,566","4.6%","2,859","3.2%","112,448","3.5%"
"        5 to 9 units","3,706","4.7%","1,957","5.1%","637","1.7%","8,844","4.7%","1,354","3.0%","2,038","7.0%","672","1.7%","1,464","4.0%","1,448","3.4%","58,502","6.0%","3,111","2.7%","394","1.1%","203","0.6%","18,822","5.3%","1,438","2.6%","16,869","5.3%","10,774","4.8%","5,418","4.5%","4,901","4.9%","2,543","2.8%","152,584","4.8%"
"        10 to 19 units","2,800","3.6%","811","2.1%","641","1.7%","7,102","3.7%","1,675","3.7%","957","3.3%","1,191","3.1%","598","1.6%","1,304","3.1%","66,335","6.8%","4,912","4.3%","626","1.8%","93","0.3%","17,791","5.0%","1,842","3.4%","21,220","6.7%","14,036","6.3%","2,877","2.4%","4,384","4.4%","1,416","1.6%","160,802","5.0%"
"        20 or more units","6,706","8.5%","2,376","6.1%","2,045","5.4%","15,841","8.4%","3,310","7.3%","741","2.5%","1,990","5.2%","1,117","3.0%","577","1.4%","222,527","22.9%","6,767","5.9%","1,690","4.7%","475","1.4%","30,141","8.5%","2,117","3.9%","32,292","10.2%","22,246","10.0%","6,115","5.1%","9,695","9.8%","4,931","5.5%","380,146","11.9%"
"        Mobile home","7,450","9.5%","3,746","9.7%","5,321","14.1%","8,435","4.4%","4,355","9.6%","2,570","8.8%","9,407","24.4%","4,757","12.9%","3,737","8.8%","15,254","1.6%","6,694","5.8%","6,225","17.4%","7,131","21.0%","16,282","4.6%","4,966","9.0%","16,912","5.3%","13,344","6.0%","11,087","9.3%","6,595","6.6%","10,738","12.0%","196,470","6.1%"
"        Boat, RV, van, etc.","482","0.6%","81","0.2%","10","0.0%","488","0.3%","788","1.7%","0","0.0%","44","0.1%","259","0.7%","19","0.0%","417","0.0%","338","0.3%","175","0.5%","104","0.3%","573","0.2%","75","0.1%","404","0.1%","230","0.1%","161","0.1%","62","0.1%","45","0.1%","6,582","0.2%"
"YEAR STRUCTURE BUILT","","","","","","","","","","","","","","","","","","","","","","","","","","","","","","","","","","","","","","","","","",""
"    Total housing units","78,624","78,624","38,641","38,641","37,722","37,722","189,576","189,576","45,285","45,285","29,249","29,249","38,515","38,515","36,913","36,913","42,652","42,652","970,358","970,358","114,895","114,895","35,678","35,678","33,992","33,992","356,265","356,265","54,936","54,936","318,098","318,098","223,061","223,061","119,553","119,553","99,210","99,210","89,751","89,751","3,195,098","3,195,098"
"        Built 2014 or later","5,061","6.4%","1,879","4.9%","589","1.6%","16,827","8.9%","831","1.8%","1,075","3.7%","2,198","5.7%","345","0.9%","1,069","2.5%","77,472","8.0%","5,408","4.7%","1,669","4.7%","1,094","3.2%","18,349","5.2%","2,088","3.8%","19,923","6.3%","14,388","6.5%","8,482","7.1%","5,586","5.6%","3,426","3.8%","197,626","6.2%"
"        Built 2010 to 2013","4,100","5.2%","1,367","3.5%","457","1.2%","6,478","3.4%","414","0.9%","2,041","7.0%","1,442","3.7%","495","1.3%","1,124","2.6%","31,125","3.2%","3,716","3.2%","915","2.6%","556","1.6%","13,462","3.8%","1,717","3.1%","12,171","3.8%","8,618","3.9%","5,626","4.7%","1,752","1.8%","1,241","1.4%","105,221","3.3%"
"        Built 2000 to 2009","12,233","15.6%","6,143","15.9%","7,646","20.3%","32,213","17.0%","5,030","11.1%","7,943","27.2%","6,526","16.9%","3,820","10.3%","7,125","16.7%","129,141","13.3%","16,921","14.7%","4,550","12.8%","5,239","15.4%","56,270","15.8%","9,520","17.3%","50,790","16.0%","23,248","10.4%","19,280","16.1%","18,006","18.1%","8,813","9.8%","462,965","14.5%"
"        Built 1990 to 1999","15,295","19.5%","5,536","14.3%","6,355","16.8%","44,058","23.2%","6,777","15.0%","3,948","13.5%","7,600","19.7%","5,051","13.7%","10,109","23.7%","122,406","12.6%","23,641","20.6%","5,391","15.1%","7,636","22.5%","59,227","16.6%","9,031","16.4%","62,425","19.6%","32,137","14.4%","23,783","19.9%","19,024","19.2%","11,712","13.0%","524,849","16.4%"
"        Built 1980 to 1989","5,889","7.5%","6,100","15.8%","5,145","13.6%","21,861","11.5%","4,399","9.7%","1,316","4.5%","3,795","9.9%","3,909","10.6%","7,152","16.8%","132,663","13.7%","18,102","15.8%","3,555","10.0%","6,214","18.3%","46,768","13.1%","7,857","14.3%","48,929","15.4%","19,612","8.8%","18,294","15.3%","12,112","12.2%","7,792","8.7%","410,050","12.8%"
"        Built 1970 to 1979","14,787","18.8%","5,429","14.0%","8,981","23.8%","31,971","16.9%","7,857","17.4%","4,795","16.4%","4,829","12.5%","7,872","21.3%","6,778","15.9%","128,363","13.2%","21,338","18.6%","5,698","16.0%","5,180","15.2%","55,911","15.7%","7,558","13.8%","50,789","16.0%","39,302","17.6%","20,826","17.4%","16,599","16.7%","18,777","20.9%","507,054","15.9%"
"        Built 1960 to 1969","5,813","7.4%","1,956","5.1%","2,661","7.1%","13,348","7.0%","5,009","11.1%","2,185","7.5%","2,761","7.2%","3,562","9.6%","4,068","9.5%","117,283","12.1%","7,891","6.9%","2,688","7.5%","3,093","9.1%","33,716","9.5%","4,835","8.8%","32,589","10.2%","15,769","7.1%","10,548","8.8%","6,732","6.8%","8,049","9.0%","302,236","9.5%"
"        Built 1950 to 1959","7,763","9.9%","2,018","5.2%","1,406","3.7%","8,886","4.7%","4,485","9.9%","3,115","10.6%","6,992","18.2%","2,128","5.8%","2,952","6.9%","75,312","7.8%","4,606","4.0%","2,811","7.9%","1,568","4.6%","23,043","6.5%","3,417","6.2%","17,731","5.6%","21,367","9.6%","4,052","3.4%","5,303","5.3%","10,035","11.2%","226,613","7.1%"
"        Built 1940 to 1949","6,078","7.7%","3,573","9.2%","2,271","6.0%","6,421","3.4%","3,579","7.9%","1,751","6.0%","1,401","3.6%","2,074","5.6%","697","1.6%","49,880","5.1%","6,101","5.3%","1,803","5.1%","2,124","6.2%","14,826","4.2%","2,562","4.7%","5,959","1.9%","15,242","6.8%","2,728","2.3%","2,518","2.5%","6,542","7.3%","149,389","4.7%"
"        Built 1939 or earlier","1,605","2.0%","4,640","12.0%","2,211","5.9%","7,513","4.0%","6,904","15.2%","1,080","3.7%","971","2.5%","7,657","20.7%","1,578","3.7%","106,713","11.0%","7,171","6.2%","6,598","18.5%","1,288","3.8%","34,693","9.7%","6,351","11.6%","16,792","5.3%","33,378","15.0%","5,934","5.0%","11,578","11.7%","13,364","14.9%","309,095","9.7%"
"ROOMS","","","","","","","","","","","","","","","","","","","","","","","","","","","","","","","","","","","","","","","","","",""
"    Total housing units","78,624","78,624","38,641","38,641","37,722","37,722","189,576","189,576","45,285","45,285","29,249","29,249","38,515","38,515","36,913","36,913","42,652","42,652","970,358","970,358","114,895","114,895","35,678","35,678","33,992","33,992","356,265","356,265","54,936","54,936","318,098","318,098","223,061","223,061","119,553","119,553","99,210","99,210","89,751","89,751","3,195,098","3,195,098"
"        1 room","843","1.1%","1,410","3.6%","1,064","2.8%","3,118","1.6%","1,172","2.6%","803","2.7%","701","1.8%","992","2.7%","646","1.5%","60,841","6.3%","1,640","1.4%","882","2.5%","629","1.9%","7,195","2.0%","2,109","3.8%","6,196","1.9%","4,670","2.1%","3,062","2.6%","3,374","3.4%","4,690","5.2%","112,083","3.5%"
"        2 rooms","1,557","2.0%","2,316","6.0%","2,572","6.8%","5,759","3.0%","1,502","3.3%","634","2.2%","2,200","5.7%","1,008","2.7%","1,147","2.7%","70,068","7.2%","1,803","1.6%","1,129","3.2%","786","2.3%","13,469","3.8%","2,560","4.7%","11,373","3.6%","8,543","3.8%","2,693","2.3%","6,022","6.1%","1,555","1.7%","148,470","4.6%"
"        3 rooms","7,358","9.4%","4,165","10.8%","1,916","5.1%","13,151","6.9%","3,228","7.1%","2,051","7.0%","1,685","4.4%","2,735","7.4%","2,566","6.0%","126,716","13.1%","10,165","8.8%","3,207","9.0%","1,732","5.1%","31,118","8.7%","4,158","7.6%","27,797","8.7%","20,607","9.2%","8,589","7.2%","8,877","8.9%","5,060","5.6%","310,075","9.7%"
"        4 rooms","9,821","12.5%","8,744","22.6%","5,033","13.3%","31,351","16.5%","7,467","16.5%","3,666","12.5%","4,601","11.9%","5,322","14.4%","8,190","19.2%","145,637","15.0%","12,499","10.9%","4,482","12.6%","6,474","19.0%","54,106","15.2%","10,674","19.4%","53,279","16.7%","37,614","16.9%","14,320","12.0%","17,400","17.5%","11,899","13.3%","493,765","15.5%"
"        5 rooms","16,505","21.0%","7,977","20.6%","8,553","22.7%","37,178","19.6%","8,695","19.2%","6,334","21.7%","8,972","23.3%","7,462","20.2%","7,355","17.2%","129,683","13.4%","20,418","17.8%","7,529","21.1%","8,426","24.8%","62,441","17.5%","11,160","20.3%","52,723","16.6%","32,649","14.6%","22,904","19.2%","18,476","18.6%","23,242","25.9%","544,759","17.0%"
"        6 rooms","13,456","17.1%","4,195","10.9%","6,148","16.3%","30,887","16.3%","7,154","15.8%","6,065","20.7%","8,788","22.8%","7,044","19.1%","8,419","19.7%","123,564","12.7%","25,481","22.2%","8,284","23.2%","7,763","22.8%","66,391","18.6%","9,211","16.8%","53,829","16.9%","31,984","14.3%","23,588","19.7%","14,759","14.9%","16,797","18.7%","515,390","16.1%"
"        7 rooms","9,851","12.5%","3,930","10.2%","5,457","14.5%","25,783","13.6%","5,908","13.0%","3,801","13.0%","2,999","7.8%","4,737","12.8%","5,564","13.0%","97,268","10.0%","17,640","15.4%","4,729","13.3%","3,755","11.0%","44,489","12.5%","6,667","12.1%","37,564","11.8%","25,916","11.6%","18,398","15.4%","11,126","11.2%","11,100","12.4%","373,009","11.7%"
"        8 rooms","9,249","11.8%","2,180","5.6%","4,157","11.0%","18,957","10.0%","4,049","8.9%","3,233","11.1%","3,845","10.0%","3,632","9.8%","3,975","9.3%","85,157","8.8%","11,259","9.8%","2,889","8.1%","1,236","3.6%","35,231","9.9%","4,395","8.0%","31,813","10.0%","21,845","9.8%","11,127","9.3%","7,125","7.2%","6,377","7.1%","291,478","9.1%"
"        9 rooms or more","9,984","12.7%","3,724","9.6%","2,822","7.5%","23,392","12.3%","6,110","13.5%","2,662","9.1%","4,724","12.3%","3,981","10.8%","4,790","11.2%","131,424","13.5%","13,990","12.2%","2,547","7.1%","3,191","9.4%","41,825","11.7%","4,002","7.3%","43,524","13.7%","39,233","17.6%","14,872","12.4%","12,051","12.1%","9,031","10.1%","406,069","12.7%"
"        Median rooms","5.7","(X)","4.8","(X)","5.5","(X)","5.6","(X)","5.6","(X)","5.7","(X)","5.6","(X)","5.6","(X)","5.7","(X)","5.1","(X)","5.9","(X)","5.6","(X)","5.4","(X)","5.6","(X)","5.2","(X)","5.6","(X)","5.7","(X)","5.8","(X)","5.3","(X)","5.4","(X)","5.5","(X)"
"BEDROOMS","","","","","","","","","","","","","","","","","","","","","","","","","","","","","","","","","","","","","","","","","",""
"    Total housing units","78,624","78,624","38,641","38,641","37,722","37,722","189,576","189,576","45,285","45,285","29,249","29,249","38,515","38,515","36,913","36,913","42,652","42,652","970,358","970,358","114,895","114,895","35,678","35,678","33,992","33,992","356,265","356,265","54,936","54,936","318,098","318,098","223,061","223,061","119,553","119,553","99,210","99,210","89,751","89,751","3,195,098","3,195,098"
"        No bedroom","921","1.2%","1,410","3.6%","1,108","2.9%","3,465","1.8%","1,578","3.5%","803","2.7%","713","1.9%","1,087","2.9%","1,053","2.5%","68,556","7.1%","1,884","1.6%","979","2.7%","791","2.3%","9,147","2.6%","2,184","4.0%","6,744","2.1%","5,451","2.4%","3,432","2.9%","4,207","4.2%","4,787","5.3%","126,724","4.0%"
"        1 bedroom","7,361","9.4%","4,065","10.5%","4,437","11.8%","13,849","7.3%","4,484","9.9%","2,167","7.4%","3,811","9.9%","2,893","7.8%","2,510","5.9%","165,922","17.1%","10,232","8.9%","3,557","10.0%","3,484","10.2%","37,541","10.5%","4,988","9.1%","30,673","9.6%","25,769","11.6%","9,687","8.1%","10,310","10.4%","5,378","6.0%","377,266","11.8%"
"        2 bedrooms","17,934","22.8%","10,244","26.5%","10,482","27.8%","43,984","23.2%","11,052","24.4%","5,077","17.4%","8,359","21.7%","10,831","29.3%","14,499","34.0%","232,761","24.0%","27,310","23.8%","8,239","23.1%","9,583","28.2%","83,728","23.5%","14,124","25.7%","74,191","23.3%","62,900","28.2%","25,548","21.4%","26,375","26.6%","23,396","26.1%","794,271","24.9%"
"        3 bedrooms","33,373","42.4%","14,721","38.1%","16,597","44.0%","81,705","43.1%","18,754","41.4%","14,896","50.9%","17,674","45.9%","17,145","46.4%","18,914","44.3%","264,189","27.2%","53,718","46.8%","18,347","51.4%","16,948","49.9%","146,305","41.1%","25,743","46.9%","123,366","38.8%","69,109","31.0%","59,650","49.9%","42,328","42.7%","38,847","43.3%","1,187,423","37.2%"
"        4 bedrooms","14,205","18.1%","6,683","17.3%","4,565","12.1%","38,495","20.3%","7,278","16.1%","4,907","16.8%","5,968","15.5%","3,901","10.6%","4,246","10.0%","186,628","19.2%","18,196","15.8%","3,507","9.8%","2,928","8.6%","64,428","18.1%","6,980","12.7%","65,950","20.7%","42,863","19.2%","18,434","15.4%","12,731","12.8%","13,727","15.3%","559,731","17.5%"
"        5 or more bedrooms","4,830","6.1%","1,518","3.9%","533","1.4%","8,078","4.3%","2,139","4.7%","1,399","4.8%","1,990","5.2%","1,056","2.9%","1,430","3.4%","52,302","5.4%","3,555","3.1%","1,049","2.9%","258","0.8%","15,116","4.2%","917","1.7%","17,174","5.4%","16,969","7.6%","2,802","2.3%","3,259","3.3%","3,616","4.0%","149,683","4.7%"
"HOUSING TENURE","","","","","","","","","","","","","","","","","","","","","","","","","","","","","","","","","","","","","","","","","",""
"    Occupied housing units","73,678","73,678","28,974","28,974","33,022","33,022","180,862","180,862","42,790","42,790","28,162","28,162","30,866","30,866","29,920","29,920","35,586","35,586","907,761","907,761","107,525","107,525","31,879","31,879","24,820","24,820","333,657","333,657","49,043","49,043","299,827","299,827","211,723","211,723","112,909","112,909","88,794","88,794","83,992","83,992","2,932,477","2,932,477"
"        Owner-occupied","50,144","68.1%","18,159","62.7%","23,366","70.8%","118,656","65.6%","27,805","65.0%","18,657","66.2%","20,002","64.8%","21,664","72.4%","25,979","73.0%","510,957","56.3%","75,154","69.9%","22,062","69.2%","20,190","81.3%","209,569","62.8%","34,265","69.9%","199,866","66.7%","130,089","61.4%","77,567","68.7%","57,155","64.4%","53,279","63.4%","1,849,692","63.1%"
"        Renter-occupied","23,534","31.9%","10,815","37.3%","9,656","29.2%","62,206","34.4%","14,985","35.0%","9,505","33.8%","10,864","35.2%","8,256","27.6%","9,607","27.0%","396,804","43.7%","32,371","30.1%","9,817","30.8%","4,630","18.7%","124,088","37.2%","14,778","30.1%","99,961","33.3%","81,634","38.6%","35,342","31.3%","31,639","35.6%","30,713","36.6%","1,082,785","36.9%"
"        Average household size of owner-occupied unit","2.86","(X)","2.58","(X)","2.38","(X)","2.73","(X)","2.65","(X)","3.21","(X)","3.05","(X)","2.49","(X)","2.31","(X)","2.64","(X)","2.49","(X)","2.56","(X)","2.54","(X)","2.81","(X)","2.55","(X)","2.81","(X)","2.51","(X)","2.65","(X)","2.61","(X)","2.97","(X)","2.66","(X)"
"        Average household size of renter-occupied unit","2.52","(X)","2.67","(X)","2.14","(X)","2.57","(X)","2.38","(X)","3.46","(X)","3.29","(X)","2.17","(X)","2.32","(X)","2.17","(X)","2.36","(X)","2.35","(X)","3.09","(X)","2.40","(X)","2.71","(X)","2.49","(X)","2.21","(X)","2.31","(X)","2.36","(X)","2.90","(X)","2.35","(X)"
"YEAR HOUSEHOLDER MOVED INTO UNIT","","","","","","","","","","","","","","","","","","","","","","","","","","","","","","","","","","","","","","","","","",""
"    Occupied housing units","73,678","73,678","28,974","28,974","33,022","33,022","180,862","180,862","42,790","42,790","28,162","28,162","30,866","30,866","29,920","29,920","35,586","35,586","907,761","907,761","107,525","107,525","31,879","31,879","24,820","24,820","333,657","333,657","49,043","49,043","299,827","299,827","211,723","211,723","112,909","112,909","88,794","88,794","83,992","83,992","2,932,477","2,932,477"
"        Moved in 2017 or later","25,016","34.0%","7,053","24.3%","7,779","23.6%","58,931","32.6%","12,036","28.1%","8,903","31.6%","9,443","30.6%","6,370","21.3%","10,837","30.5%","329,015","36.2%","30,868","28.7%","9,120","28.6%","6,964","28.1%","113,279","34.0%","13,156","26.8%","85,987","28.7%","73,737","34.8%","36,769","32.6%","30,798","34.7%","22,701","27.0%","956,511","32.6%"
"        Moved in 2015 to 2016","11,055","15.0%","5,328","18.4%","3,861","11.7%","27,209","15.0%","5,851","13.7%","4,386","15.6%","3,630","11.8%","3,689","12.3%","4,975","14.0%","120,133","13.2%","15,984","14.9%","4,285","13.4%","2,595","10.5%","48,520","14.5%","6,796","13.9%","45,806","15.3%","31,825","15.0%","15,619","13.8%","9,445","10.6%","10,711","12.8%","404,909","13.8%"
"        Moved in 2010 to 2014","11,188","15.2%","4,823","16.6%","5,452","16.5%","29,747","16.4%","7,815","18.3%","4,399","15.6%","5,590","18.1%","4,620","15.4%","4,967","14.0%","146,064","16.1%","17,034","15.8%","5,192","16.3%","3,939","15.9%","49,649","14.9%","8,135","16.6%","51,385","17.1%","29,756","14.1%","15,637","13.8%","13,624","15.3%","12,226","14.6%","461,436","15.7%"
"        Moved in 2000 to 2009","13,410","18.2%","6,189","21.4%","9,229","27.9%","34,975","19.3%","8,027","18.8%","5,489","19.5%","6,335","20.5%","7,158","23.9%","9,026","25.4%","156,991","17.3%","20,708","19.3%","6,553","20.6%","5,197","20.9%","65,291","19.6%","11,139","22.7%","63,244","21.1%","35,551","16.8%","23,014","20.4%","19,359","21.8%","20,677","24.6%","568,505","19.4%"
"        Moved in 1990 to 1999","7,042","9.6%","3,304","11.4%","3,664","11.1%","18,954","10.5%","4,397","10.3%","2,027","7.2%","3,328","10.8%","3,860","12.9%","3,241","9.1%","80,049","8.8%","13,668","12.7%","3,978","12.5%","4,012","16.2%","30,223","9.1%","5,637","11.5%","30,359","10.1%","22,188","10.5%","12,825","11.4%","8,720","9.8%","9,686","11.5%","294,469","10.0%"
"        Moved in 1989 and earlier","5,967","8.1%","2,277","7.9%","3,037","9.2%","11,046","6.1%","4,664","10.9%","2,958","10.5%","2,540","8.2%","4,223","14.1%","2,540","7.1%","75,509","8.3%","9,263","8.6%","2,751","8.6%","2,113","8.5%","26,695","8.0%","4,180","8.5%","23,046","7.7%","18,666","8.8%","9,045","8.0%","6,848","7.7%","7,991","9.5%","246,647","8.4%"
"VEHICLES AVAILABLE","","","","","","","","","","","","","","","","","","","","","","","","","","","","","","","","","","","","","","","","","",""
"    Occupied housing units","73,678","73,678","28,974","28,974","33,022","33,022","180,862","180,862","42,790","42,790","28,162","28,162","30,866","30,866","29,920","29,920","35,586","35,586","907,761","907,761","107,525","107,525","31,879","31,879","24,820","24,820","333,657","333,657","49,043","49,043","299,827","299,827","211,723","211,723","112,909","112,909","88,794","88,794","83,992","83,992","2,932,477","2,932,477"
"        No vehicles available","4,287","5.8%","1,731","6.0%","1,671","5.1%","9,372","5.2%","2,803","6.6%","1,139","4.0%","1,406","4.6%","1,949","6.5%","1,140","3.2%","104,214","11.5%","4,611","4.3%","1,628","5.1%","958","3.9%","15,384","4.6%","1,874","3.8%","14,464","4.8%","15,717","7.4%","4,953","4.4%","4,693","5.3%","4,327","5.2%","208,362","7.1%"
"        1 vehicle available","19,611","26.6%","7,959","27.5%","9,895","30.0%","46,904","25.9%","11,821","27.6%","7,596","27.0%","7,680","24.9%","8,131","27.2%","8,251","23.2%","307,048","33.8%","27,030","25.1%","7,183","22.5%","4,963","20.0%","96,390","28.9%","12,713","25.9%","78,515","26.2%","61,851","29.2%","33,075","29.3%","26,949","30.4%","20,726","24.7%","857,632","29.2%"
"        2 vehicles available","25,285","34.3%","11,463","39.6%","12,704","38.5%","69,619","38.5%","15,719","36.7%","9,924","35.2%","12,169","39.4%","9,568","32.0%","16,235","45.6%","323,168","35.6%","42,882","39.9%","10,405","32.6%","9,719","39.2%","127,362","38.2%","17,556","35.8%","121,067","40.4%","79,232","37.4%","40,752","36.1%","31,392","35.4%","29,242","34.8%","1,086,368","37.0%"
"        3 or more vehicles available","24,495","33.2%","7,821","27.0%","8,752","26.5%","54,967","30.4%","12,447","29.1%","9,503","33.7%","9,611","31.1%","10,272","34.3%","9,960","28.0%","173,331","19.1%","33,002","30.7%","12,663","39.7%","9,180","37.0%","94,521","28.3%","16,900","34.5%","85,781","28.6%","54,923","25.9%","34,129","30.2%","25,760","29.0%","29,697","35.4%","780,115","26.6%"
"HOUSE HEATING FUEL","","","","","","","","","","","","","","","","","","","","","","","","","","","","","","","","","","","","","","","","","",""
"    Occupied housing units","73,678","73,678","N","N","33,022","33,022","180,862","180,862","42,790","42,790","N","N","N","N","29,920","29,920","35,586","35,586","907,761","907,761","107,525","107,525","31,879","31,879","N","N","333,657","333,657","49,043","49,043","299,827","299,827","211,723","211,723","112,909","112,909","88,794","88,794","83,992","83,992","2,932,477","2,932,477"
"        Utility gas","11,631","15.8%","N","N","376","1.1%","60,340","33.4%","3,173","7.4%","N","N","N","N","2,497","8.3%","6,371","17.9%","388,237","42.8%","29,742","27.7%","2,409","7.6%","N","N","114,914","34.4%","21,705","44.3%","120,309","40.1%","101,577","48.0%","35,612","31.5%","37,769","42.5%","19,181","22.8%","1,001,906","34.2%"
"        Bottled, tank, or LP gas","1,085","1.5%","N","N","673","2.0%","1,172","0.6%","312","0.7%","N","N","N","N","1,681","5.6%","7,146","20.1%","13,712","1.5%","6,671","6.2%","1,367","4.3%","N","N","6,028","1.8%","3,705","7.6%","12,266","4.1%","2,423","1.1%","5,164","4.6%","8,767","9.9%","1,910","2.3%","86,647","3.0%"
"        Electricity","59,308","80.5%","N","N","27,979","84.7%","112,124","62.0%","35,470","82.9%","N","N","N","N","21,321","71.3%","17,753","49.9%","463,261","51.0%","60,221","56.0%","23,917","75.0%","N","N","196,969","59.0%","19,420","39.6%","152,814","51.0%","94,526","44.6%","65,155","57.7%","35,538","40.0%","55,494","66.1%","1,652,260","56.3%"
"        Fuel oil, kerosene, etc.","237","0.3%","N","N","421","1.3%","917","0.5%","56","0.1%","N","N","N","N","408","1.4%","940","2.6%","24,832","2.7%","3,383","3.1%","71","0.2%","N","N","3,771","1.1%","429","0.9%","1,926","0.6%","2,661","1.3%","936","0.8%","755","0.9%","2,143","2.6%","47,771","1.6%"
"        Coal or coke","0","0.0%","N","N","34","0.1%","0","0.0%","78","0.2%","N","N","N","N","49","0.2%","0","0.0%","77","0.0%","73","0.1%","0","0.0%","N","N","131","0.0%","0","0.0%","0","0.0%","28","0.0%","0","0.0%","0","0.0%","0","0.0%","652","0.0%"
"        Wood","1,021","1.4%","N","N","3,120","9.4%","4,606","2.5%","2,662","6.2%","N","N","N","N","3,521","11.8%","2,578","7.2%","8,219","0.9%","6,704","6.2%","3,745","11.7%","N","N","7,598","2.3%","3,431","7.0%","9,736","3.2%","7,002","3.3%","5,297","4.7%","4,668","5.3%","3,655","4.4%","108,817","3.7%"
"        Solar energy","0","0.0%","N","N","0","0.0%","0","0.0%","0","0.0%","N","N","N","N","0","0.0%","79","0.2%","697","0.1%","227","0.2%","101","0.3%","N","N","77","0.0%","34","0.1%","384","0.1%","27","0.0%","63","0.1%","145","0.2%","165","0.2%","2,748","0.1%"
"        Other fuel","274","0.4%","N","N","176","0.5%","1,103","0.6%","1,039","2.4%","N","N","N","N","209","0.7%","575","1.6%","3,230","0.4%","284","0.3%","98","0.3%","N","N","1,826","0.5%","163","0.3%","1,491","0.5%","2,827","1.3%","533","0.5%","625","0.7%","741","0.9%","18,055","0.6%"
"        No fuel used","122","0.2%","N","N","243","0.7%","600","0.3%","0","0.0%","N","N","N","N","234","0.8%","144","0.4%","5,496","0.6%","220","0.2%","171","0.5%","N","N","2,343","0.7%","156","0.3%","901","0.3%","652","0.3%","149","0.1%","527","0.6%","703","0.8%","13,621","0.5%"
"SELECTED CHARACTERISTICS","","","","","","","","","","","","","","","","","","","","","","","","","","","","","","","","","","","","","","","","","",""
"    Occupied housing units","73,678","73,678","28,974","28,974","33,022","33,022","180,862","180,862","42,790","42,790","28,162","28,162","30,866","30,866","29,920","29,920","35,586","35,586","907,761","907,761","107,525","107,525","31,879","31,879","24,820","24,820","333,657","333,657","49,043","49,043","299,827","299,827","211,723","211,723","112,909","112,909","88,794","88,794","83,992","83,992","2,932,477","2,932,477"
"        Lacking complete plumbing facilities","290","0.4%","92","0.3%","56","0.2%","468","0.3%","122","0.3%","0","0.0%","0","0.0%","270","0.9%","0","0.0%","1,923","0.2%","436","0.4%","0","0.0%","N","N","1,466","0.4%","61","0.1%","1,375","0.5%","711","0.3%","897","0.8%","30","0.0%","140","0.2%","9,970","0.3%"
"        Lacking complete kitchen facilities","1,214","1.6%","387","1.3%","342","1.0%","2,731","1.5%","484","1.1%","204","0.7%","148","0.5%","291","1.0%","165","0.5%","11,815","1.3%","1,179","1.1%","33","0.1%","0","0.0%","3,074","0.9%","103","0.2%","1,747","0.6%","3,058","1.4%","1,012","0.9%","1,022","1.2%","657","0.8%","31,596","1.1%"
"        No telephone service available","1,466","2.0%","223","0.8%","316","1.0%","2,114","1.2%","467","1.1%","639","2.3%","400","1.3%","358","1.2%","192","0.5%","5,934","0.7%","513","0.5%","296","0.9%","602","2.4%","2,554","0.8%","384","0.8%","1,895","0.6%","2,349","1.1%","792","0.7%","399","0.4%","739","0.9%","25,981","0.9%"
"OCCUPANTS PER ROOM","","","","","","","","","","","","","","","","","","","","","","","","","","","","","","","","","","","","","","","","","",""
"    Occupied housing units","73,678","73,678","28,974","28,974","33,022","33,022","180,862","180,862","42,790","42,790","28,162","28,162","30,866","30,866","29,920","29,920","35,586","35,586","907,761","907,761","107,525","107,525","31,879","31,879","24,820","24,820","333,657","333,657","49,043","49,043","299,827","299,827","211,723","211,723","112,909","112,909","88,794","88,794","83,992","83,992","2,932,477","2,932,477"
"        1.00 or less","71,746","97.4%","27,345","94.4%","32,177","97.4%","174,176","96.3%","42,221","98.7%","25,414","90.2%","28,673","92.9%","29,589","98.9%","34,656","97.4%","871,340","96.0%","105,248","97.9%","31,318","98.2%","23,556","94.9%","323,125","96.8%","46,486","94.8%","289,887","96.7%","207,466","98.0%","111,161","98.5%","85,442","96.2%","76,307","90.9%","2,828,408","96.5%"
"        1.01 to 1.50","1,619","2.2%","1,223","4.2%","718","2.2%","5,149","2.8%","394","0.9%","1,842","6.5%","1,871","6.1%","163","0.5%","691","1.9%","20,834","2.3%","1,350","1.3%","525","1.6%","900","3.6%","6,995","2.1%","1,584","3.2%","7,277","2.4%","2,481","1.2%","1,321","1.2%","1,662","1.9%","4,574","5.4%","66,815","2.3%"
"        1.51 or more","313","0.4%","406","1.4%","127","0.4%","1,537","0.8%","175","0.4%","906","3.2%","322","1.0%","168","0.6%","239","0.7%","15,587","1.7%","927","0.9%","36","0.1%","364","1.5%","3,537","1.1%","973","2.0%","2,663","0.9%","1,776","0.8%","427","0.4%","1,690","1.9%","3,111","3.7%","37,254","1.3%"
"VALUE","","","","","","","","","","","","","","","","","","","","","","","","","","","","","","","","","","","","","","","","","",""
"    Owner-occupied units","50,144","50,144","18,159","18,159","23,366","23,366","118,656","118,656","27,805","27,805","18,657","18,657","20,002","20,002","21,664","21,664","25,979","25,979","510,957","510,957","75,154","75,154","22,062","22,062","20,190","20,190","209,569","209,569","34,265","34,265","199,866","199,866","130,089","130,089","77,567","77,567","57,155","57,155","53,279","53,279","1,849,692","1,849,692"
"        Less than $50,000","2,130","4.2%","739","4.1%","1,034","4.4%","3,317","2.8%","1,453","5.2%","1,161","6.2%","2,336","11.7%","1,304","6.0%","871","3.4%","8,703","1.7%","1,496","2.0%","562","2.5%","757","3.7%","5,975","2.9%","1,039","3.0%","4,843","2.4%","4,075","3.1%","2,906","3.7%","2,545","4.5%","4,110","7.7%","57,269","3.1%"
"        $50,000 to $99,999","1,374","2.7%","488","2.7%","812","3.5%","843","0.7%","1,700","6.1%","94","0.5%","1,202","6.0%","1,800","8.3%","348","1.3%","3,586","0.7%","653","0.9%","885","4.0%","1,704","8.4%","2,861","1.4%","662","1.9%","3,147","1.6%","4,185","3.2%","820","1.1%","1,502","2.6%","4,173","7.8%","42,080","2.3%"
"        $100,000 to $149,999","3,385","6.8%","357","2.0%","1,677","7.2%","1,251","1.1%","1,155","4.2%","2,052","11.0%","2,168","10.8%","2,151","9.9%","642","2.5%","2,776","0.5%","982","1.3%","1,817","8.2%","1,867","9.2%","2,930","1.4%","800","2.3%","989","0.5%","9,158","7.0%","1,815","2.3%","1,290","2.3%","6,661","12.5%","58,060","3.1%"
"        $150,000 to $199,999","6,677","13.3%","1,208","6.7%","2,684","11.5%","2,763","2.3%","3,115","11.2%","3,227","17.3%","4,145","20.7%","3,945","18.2%","1,003","3.9%","6,591","1.3%","2,501","3.3%","4,204","19.1%","2,189","10.8%","7,545","3.6%","1,664","4.9%","3,371","1.7%","19,284","14.8%","4,783","6.2%","2,086","3.6%","9,042","17.0%","109,901","5.9%"
"        $200,000 to $299,999","15,026","30.0%","4,438","24.4%","6,897","29.5%","20,961","17.7%","7,974","28.7%","6,488","34.8%","5,955","29.8%","6,456","29.8%","3,582","13.8%","25,132","4.9%","14,823","19.7%","6,828","30.9%","6,564","32.5%","42,841","20.4%","8,522","24.9%","17,922","9.0%","43,068","33.1%","20,580","26.5%","7,458","13.0%","16,340","30.7%","319,282","17.3%"
"        $300,000 to $499,999","16,412","32.7%","7,353","40.5%","7,461","31.9%","63,698","53.7%","10,105","36.3%","4,073","21.8%","3,155","15.8%","5,510","25.4%","11,663","44.9%","130,043","25.5%","34,058","45.3%","5,832","26.4%","4,334","21.5%","106,672","50.9%","14,021","40.9%","81,524","40.8%","37,532","28.9%","33,920","43.7%","26,388","46.2%","10,273","19.3%","652,487","35.3%"
"        $500,000 to $999,999","4,735","9.4%","3,173","17.5%","2,538","10.9%","23,902","20.1%","2,052","7.4%","1,385","7.4%","963","4.8%","451","2.1%","6,601","25.4%","236,307","46.2%","17,132","22.8%","1,806","8.2%","2,667","13.2%","35,801","17.1%","6,744","19.7%","81,098","40.6%","11,275","8.7%","11,840","15.3%","13,956","24.4%","2,397","4.5%","482,999","26.1%"
"        $1,000,000 or more","405","0.8%","403","2.2%","263","1.1%","1,921","1.6%","251","0.9%","177","0.9%","78","0.4%","47","0.2%","1,269","4.9%","97,819","19.1%","3,509","4.7%","128","0.6%","108","0.5%","4,944","2.4%","813","2.4%","6,972","3.5%","1,512","1.2%","903","1.2%","1,930","3.4%","283","0.5%","127,614","6.9%"
"        Median (dollars)","275,800","(X)","344,700","(X)","279,500","(X)","371,000","(X)","281,300","(X)","252,800","(X)","201,900","(X)","220,600","(X)","383,100","(X)","643,000","(X)","378,800","(X)","247,600","(X)","254,200","(X)","362,100","(X)","353,300","(X)","472,600","(X)","261,400","(X)","333,100","(X)","398,300","(X)","213,800","(X)","387,600","(X)"
"MORTGAGE STATUS","","","","","","","","","","","","","","","","","","","","","","","","","","","","","","","","","","","","","","","","","",""
"    Owner-occupied units","50,144","50,144","18,159","18,159","23,366","23,366","118,656","118,656","27,805","27,805","18,657","18,657","20,002","20,002","21,664","21,664","25,979","25,979","510,957","510,957","75,154","75,154","22,062","22,062","20,190","20,190","209,569","209,569","34,265","34,265","199,866","199,866","130,089","130,089","77,567","77,567","57,155","57,155","53,279","53,279","1,849,692","1,849,692"
"        Housing units with a mortgage","30,626","61.1%","N","N","12,054","51.6%","84,047","70.8%","18,156","65.3%","N","N","11,498","57.5%","12,609","58.2%","16,821","64.7%","362,293","70.9%","54,092","72.0%","13,375","60.6%","N","N","151,481","72.3%","22,092","64.5%","145,926","73.0%","86,525","66.5%","54,256","69.9%","37,081","64.9%","31,517","59.2%","1,252,895","67.7%"
"        Housing units without a mortgage","19,518","38.9%","N","N","11,312","48.4%","34,609","29.2%","9,649","34.7%","N","N","8,504","42.5%","9,055","41.8%","9,158","35.3%","148,664","29.1%","21,062","28.0%","8,687","39.4%","N","N","58,088","27.7%","12,173","35.5%","53,940","27.0%","43,564","33.5%","23,311","30.1%","20,074","35.1%","21,762","40.8%","596,797","32.3%"
"SELECTED MONTHLY OWNER COSTS (SMOC)","","","","","","","","","","","","","","","","","","","","","","","","","","","","","","","","","","","","","","","","","",""
"    Housing units with a mortgage","30,626","30,626","N","N","12,054","12,054","84,047","84,047","18,156","18,156","N","N","11,498","11,498","12,609","12,609","16,821","16,821","362,293","362,293","54,092","54,092","13,375","13,375","N","N","151,481","151,481","22,092","22,092","145,926","145,926","86,525","86,525","54,256","54,256","37,081","37,081","31,517","31,517","1,252,895","1,252,895"
"        Less than $500","168","0.5%","N","N","55","0.5%","455","0.5%","243","1.3%","N","N","50","0.4%","329","2.6%","59","0.4%","1,279","0.4%","379","0.7%","219","1.6%","N","N","713","0.5%","231","1.0%","595","0.4%","412","0.5%","208","0.4%","339","0.9%","91","0.3%","7,447","0.6%"
"        $500 to $999","3,936","12.9%","N","N","1,921","15.9%","4,867","5.8%","3,124","17.2%","N","N","3,926","34.1%","1,804","14.3%","1,485","8.8%","6,731","1.9%","2,405","4.4%","1,896","14.2%","N","N","6,309","4.2%","2,682","12.1%","5,724","3.9%","13,295","15.4%","3,339","6.2%","4,007","10.8%","7,258","23.0%","93,531","7.5%"
"        $1,000 to $1,499","11,633","38.0%","N","N","4,022","33.4%","18,355","21.8%","6,349","35.0%","N","N","4,305","37.4%","5,282","41.9%","3,141","18.7%","27,072","7.5%","12,274","22.7%","4,527","33.8%","N","N","25,640","16.9%","5,224","23.6%","15,100","10.3%","32,699","37.8%","12,188","22.5%","8,187","22.1%","13,410","42.5%","243,263","19.4%"
"        $1,500 to $1,999","6,637","21.7%","N","N","3,426","28.4%","27,607","32.8%","4,206","23.2%","N","N","1,721","15.0%","2,896","23.0%","4,939","29.4%","61,032","16.8%","17,129","31.7%","4,312","32.2%","N","N","45,184","29.8%","7,005","31.7%","37,831","25.9%","22,783","26.3%","20,041","36.9%","11,292","30.5%","5,995","19.0%","312,314","24.9%"
"        $2,000 to $2,499","4,250","13.9%","N","N","2,058","17.1%","16,671","19.8%","2,957","16.3%","N","N","596","5.2%","1,667","13.2%","4,063","24.2%","63,592","17.6%","10,157","18.8%","1,377","10.3%","N","N","37,658","24.9%","3,345","15.1%","33,326","22.8%","9,004","10.4%","9,973","18.4%","5,993","16.2%","2,852","9.0%","223,328","17.8%"
"        $2,500 to $2,999","2,150","7.0%","N","N","394","3.3%","9,110","10.8%","663","3.7%","N","N","712","6.2%","359","2.8%","1,556","9.3%","58,230","16.1%","6,069","11.2%","897","6.7%","N","N","19,175","12.7%","1,651","7.5%","22,998","15.8%","5,619","6.5%","5,024","9.3%","4,145","11.2%","1,001","3.2%","146,702","11.7%"
"        $3,000 or more","1,852","6.0%","N","N","178","1.5%","6,982","8.3%","614","3.4%","N","N","188","1.6%","272","2.2%","1,578","9.4%","144,357","39.8%","5,679","10.5%","147","1.1%","N","N","16,802","11.1%","1,954","8.8%","30,352","20.8%","2,713","3.1%","3,483","6.4%","3,118","8.4%","910","2.9%","226,310","18.1%"
"        Median (dollars)","1,484","(X)","1,554","(X)","1,504","(X)","1,833","(X)","1,451","(X)","1,409","(X)","1,218","(X)","1,378","(X)","1,863","(X)","2,684","(X)","1,845","(X)","1,505","(X)","1,515","(X)","1,979","(X)","1,687","(X)","2,206","(X)","1,454","(X)","1,773","(X)","1,727","(X)","1,317","(X)","1,951","(X)"
"    Housing units without a mortgage","19,518","19,518","N","N","11,312","11,312","34,609","34,609","9,649","9,649","N","N","8,504","8,504","9,055","9,055","9,158","9,158","148,664","148,664","21,062","21,062","8,687","8,687","N","N","58,088","58,088","12,173","12,173","53,940","53,940","43,564","43,564","23,311","23,311","20,074","20,074","21,762","21,762","596,797","596,797"
"        Less than $250","1,451","7.4%","N","N","1,726","15.3%","2,924","8.4%","913","9.5%","N","N","905","10.6%","679","7.5%","358","3.9%","4,061","2.7%","992","4.7%","1,415","16.3%","N","N","3,293","5.7%","698","5.7%","2,839","5.3%","2,417","5.5%","1,072","4.6%","1,646","8.2%","3,368","15.5%","42,627","7.1%"
"        $250 to $399","3,538","18.1%","N","N","2,336","20.7%","4,722","13.6%","2,047","21.2%","N","N","3,046","35.8%","1,799","19.9%","1,128","12.3%","6,661","4.5%","2,440","11.6%","1,912","22.0%","N","N","7,415","12.8%","1,368","11.2%","4,048","7.5%","10,491","24.1%","3,586","15.4%","3,512","17.5%","5,188","23.8%","86,700","14.5%"
"        $400 to $599","6,789","34.8%","N","N","3,843","34.0%","12,988","37.5%","4,049","42.0%","N","N","3,083","36.3%","4,526","50.0%","2,564","28.0%","18,861","12.7%","7,169","34.0%","3,619","41.7%","N","N","15,066","25.9%","4,326","35.5%","11,294","20.9%","17,365","39.9%","6,971","29.9%","6,608","32.9%","8,670","39.8%","166,456","27.9%"
"        $600 to $799","5,718","29.3%","N","N","2,138","18.9%","8,182","23.6%","1,784","18.5%","N","N","1,005","11.8%","1,505","16.6%","2,923","31.9%","35,709","24.0%","4,958","23.5%","1,403","16.2%","N","N","14,121","24.3%","3,274","26.9%","17,888","33.2%","8,423","19.3%","6,299","27.0%","5,036","25.1%","3,453","15.9%","136,112","22.8%"
"        $800 to $999","1,243","6.4%","N","N","754","6.7%","3,569","10.3%","610","6.3%","N","N","125","1.5%","424","4.7%","691","7.5%","31,736","21.3%","2,910","13.8%","181","2.1%","N","N","10,157","17.5%","1,165","9.6%","11,662","21.6%","3,606","8.3%","3,159","13.6%","1,892","9.4%","707","3.2%","80,482","13.5%"
"        $1,000 or more","779","4.0%","N","N","515","4.6%","2,224","6.4%","246","2.5%","N","N","340","4.0%","122","1.3%","1,494","16.3%","51,636","34.7%","2,593","12.3%","157","1.8%","N","N","8,036","13.8%","1,342","11.0%","6,209","11.5%","1,262","2.9%","2,224","9.5%","1,380","6.9%","376","1.7%","84,420","14.1%"
"        Median (dollars)","536","(X)","439","(X)","487","(X)","546","(X)","481","(X)","437","(X)","414","(X)","481","(X)","630","(X)","855","(X)","599","(X)","446","(X)","443","(X)","643","(X)","586","(X)","687","(X)","487","(X)","601","(X)","546","(X)","454","(X)","604","(X)"
"SELECTED MONTHLY OWNER COSTS AS A PERCENTAGE OF HOUSEHOLD INCOME (SMOCAPI)","","","","","","","","","","","","","","","","","","","","","","","","","","","","","","","","","","","","","","","","","",""
"    Housing units with a mortgage (excluding units where SMOCAPI cannot be computed)","30,626","30,626","11,656","11,656","11,622","11,622","83,934","83,934","18,068","18,068","12,424","12,424","11,498","11,498","12,571","12,571","16,821","16,821","361,366","361,366","53,597","53,597","13,330","13,330","12,519","12,519","150,612","150,612","22,031","22,031","145,735","145,735","86,276","86,276","54,178","54,178","37,081","37,081","31,377","31,377","1,248,507","1,248,507"
"        Less than 20.0 percent","16,514","53.9%","5,190","44.5%","4,426","38.1%","35,479","42.3%","7,215","39.9%","5,380","43.3%","5,848","50.9%","5,844","46.5%","4,627","27.5%","158,097","43.7%","21,761","40.6%","5,026","37.7%","6,003","48.0%","56,417","37.5%","8,164","37.1%","57,385","39.4%","38,461","44.6%","22,539","41.6%","13,866","37.4%","15,259","48.6%","522,552","41.9%"
"        20.0 to 24.9 percent","5,376","17.6%","2,230","19.1%","2,214","19.1%","14,401","17.2%","3,094","17.1%","1,944","15.6%","1,799","15.6%","1,593","12.7%","2,780","16.5%","59,055","16.3%","9,608","17.9%","2,852","21.4%","1,582","12.6%","28,650","19.0%","3,507","15.9%","26,674","18.3%","14,190","16.4%","9,806","18.1%","6,506","17.5%","4,819","15.4%","214,092","17.1%"
"        25.0 to 29.9 percent","2,677","8.7%","898","7.7%","1,868","16.1%","10,490","12.5%","1,951","10.8%","1,836","14.8%","969","8.4%","1,179","9.4%","2,921","17.4%","42,544","11.8%","6,542","12.2%","1,509","11.3%","1,101","8.8%","20,651","13.7%","3,189","14.5%","19,184","13.2%","10,452","12.1%","7,695","14.2%","4,397","11.9%","2,470","7.9%","152,962","12.3%"
"        30.0 to 34.9 percent","2,502","8.2%","1,081","9.3%","824","7.1%","6,684","8.0%","1,264","7.0%","744","6.0%","825","7.2%","1,324","10.5%","2,006","11.9%","26,330","7.3%","5,279","9.8%","992","7.4%","950","7.6%","13,332","8.9%","1,904","8.6%","12,790","8.8%","6,160","7.1%","3,892","7.2%","3,455","9.3%","2,627","8.4%","100,982","8.1%"
"        35.0 percent or more","3,557","11.6%","2,257","19.4%","2,290","19.7%","16,880","20.1%","4,544","25.1%","2,520","20.3%","2,057","17.9%","2,631","20.9%","4,487","26.7%","75,340","20.8%","10,407","19.4%","2,951","22.1%","2,883","23.0%","31,562","21.0%","5,267","23.9%","29,702","20.4%","17,013","19.7%","10,246","18.9%","8,857","23.9%","6,202","19.8%","257,919","20.7%"
"        Not computed","0","(X)","45","(X)","432","(X)","113","(X)","88","(X)","41","(X)","0","(X)","38","(X)","0","(X)","927","(X)","495","(X)","45","(X)","61","(X)","869","(X)","61","(X)","191","(X)","249","(X)","78","(X)","0","(X)","140","(X)","4,388","(X)"
"    Housing unit without a mortgage (excluding units where SMOCAPI cannot be computed)","19,379","19,379","6,458","6,458","11,105","11,105","34,470","34,470","9,649","9,649","6,192","6,192","8,401","8,401","9,019","9,019","8,992","8,992","147,404","147,404","20,722","20,722","8,600","8,600","7,610","7,610","57,309","57,309","12,164","12,164","53,771","53,771","43,104","43,104","22,941","22,941","19,751","19,751","21,457","21,457","590,984","590,984"
"        Less than 10.0 percent","10,339","53.4%","3,357","52.0%","4,958","44.6%","19,147","55.5%","4,211","43.6%","3,972","64.1%","3,922","46.7%","4,141","45.9%","3,916","43.5%","63,439","43.0%","10,286","49.6%","4,483","52.1%","3,566","46.9%","26,427","46.1%","4,441","36.5%","27,067","50.3%","21,852","50.7%","10,982","47.9%","9,716","49.2%","10,905","50.8%","281,949","47.7%"
"        10.0 to 14.9 percent","4,196","21.7%","1,402","21.7%","2,970","26.7%","5,830","16.9%","2,394","24.8%","923","14.9%","1,718","20.4%","2,057","22.8%","1,591","17.7%","28,534","19.4%","4,164","20.1%","770","9.0%","1,993","26.2%","11,846","20.7%","2,783","22.9%","11,005","20.5%","8,648","20.1%","3,863","16.8%","4,033","20.4%","5,026","23.4%","116,837","19.8%"
"        15.0 to 19.9 percent","1,496","7.7%","616","9.5%","637","5.7%","3,810","11.1%","1,211","12.6%","518","8.4%","1,182","14.1%","1,471","16.3%","1,436","16.0%","17,039","11.6%","2,286","11.0%","1,456","16.9%","478","6.3%","7,402","12.9%","1,489","12.2%","6,169","11.5%","5,163","12.0%","2,992","13.0%","1,960","9.9%","1,746","8.1%","65,928","11.2%"
"        20.0 to 24.9 percent","714","3.7%","499","7.7%","994","9.0%","1,532","4.4%","430","4.5%","211","3.4%","540","6.4%","367","4.1%","787","8.8%","11,360","7.7%","935","4.5%","880","10.2%","330","4.3%","3,742","6.5%","885","7.3%","2,223","4.1%","2,185","5.1%","1,112","4.8%","1,219","6.2%","1,335","6.2%","37,084","6.3%"
"        25.0 to 29.9 percent","913","4.7%","17","0.3%","678","6.1%","582","1.7%","251","2.6%","254","4.1%","567","6.7%","232","2.6%","516","5.7%","7,271","4.9%","718","3.5%","351","4.1%","135","1.8%","1,690","2.9%","889","7.3%","966","1.8%","1,311","3.0%","1,740","7.6%","639","3.2%","1,144","5.3%","23,310","3.9%"
"        30.0 to 34.9 percent","701","3.6%","328","5.1%","263","2.4%","901","2.6%","299","3.1%","100","1.6%","80","1.0%","60","0.7%","169","1.9%","3,873","2.6%","359","1.7%","88","1.0%","98","1.3%","1,047","1.8%","213","1.8%","1,450","2.7%","1,277","3.0%","439","1.9%","627","3.2%","339","1.6%","14,522","2.5%"
"        35.0 percent or more","1,020","5.3%","239","3.7%","605","5.4%","2,668","7.7%","853","8.8%","214","3.5%","392","4.7%","691","7.7%","577","6.4%","15,888","10.8%","1,974","9.5%","572","6.7%","1,010","13.3%","5,155","9.0%","1,464","12.0%","4,891","9.1%","2,668","6.2%","1,813","7.9%","1,557","7.9%","962","4.5%","51,354","8.7%"
"        Not computed","139","(X)","0","(X)","207","(X)","139","(X)","0","(X)","0","(X)","103","(X)","36","(X)","166","(X)","1,260","(X)","340","(X)","87","(X)","0","(X)","779","(X)","9","(X)","169","(X)","460","(X)","370","(X)","323","(X)","305","(X)","5,813","(X)"
"GROSS RENT","","","","","","","","","","","","","","","","","","","","","","","","","","","","","","","","","","","","","","","","","",""
"    Occupied units paying rent","N","N","N","N","N","N","60,198","60,198","14,623","14,623","N","N","N","N","N","N","N","N","386,018","386,018","31,511","31,511","9,111","9,111","N","N","119,059","119,059","13,836","13,836","97,913","97,913","80,177","80,177","34,343","34,343","31,230","31,230","28,334","28,334","1,043,608","1,043,608"
"        Less than $500","N","N","N","N","N","N","1,761","2.9%","1,603","11.0%","N","N","N","N","N","N","N","N","18,517","4.8%","1,924","6.1%","1,697","18.6%","N","N","4,189","3.5%","1,367","9.9%","5,604","5.7%","7,628","9.5%","1,406","4.1%","2,693","8.6%","2,953","10.4%","67,291","6.4%"
"        $500 to $999","N","N","N","N","N","N","11,069","18.4%","6,765","46.3%","N","N","N","N","N","N","N","N","31,178","8.1%","5,100","16.2%","4,321","47.4%","N","N","20,587","17.3%","4,777","34.5%","10,584","10.8%","38,492","48.0%","6,936","20.2%","9,413","30.1%","16,547","58.4%","226,372","21.7%"
"        $1,000 to $1,499","N","N","N","N","N","N","23,995","39.9%","5,007","34.2%","N","N","N","N","N","N","N","N","84,717","21.9%","10,091","32.0%","2,356","25.9%","N","N","48,791","41.0%","4,609","33.3%","32,198","32.9%","25,680","32.0%","15,188","44.2%","11,237","36.0%","7,706","27.2%","316,019","30.3%"
"        $1,500 to $1,999","N","N","N","N","N","N","15,791","26.2%","926","6.3%","N","N","N","N","N","N","N","N","123,977","32.1%","9,434","29.9%","426","4.7%","N","N","31,376","26.4%","2,547","18.4%","31,535","32.2%","6,233","7.8%","7,320","21.3%","4,270","13.7%","809","2.9%","246,063","23.6%"
"        $2,000 to $2,499","N","N","N","N","N","N","5,775","9.6%","82","0.6%","N","N","N","N","N","N","N","N","68,525","17.8%","3,521","11.2%","156","1.7%","N","N","10,942","9.2%","294","2.1%","11,831","12.1%","1,621","2.0%","2,257","6.6%","2,141","6.9%","136","0.5%","110,099","10.5%"
"        $2,500 to $2,999","N","N","N","N","N","N","860","1.4%","84","0.6%","N","N","N","N","N","N","N","N","32,481","8.4%","809","2.6%","0","0.0%","N","N","2,339","2.0%","206","1.5%","3,723","3.8%","250","0.3%","852","2.5%","632","2.0%","138","0.5%","43,036","4.1%"
"        $3,000 or more","N","N","N","N","N","N","947","1.6%","156","1.1%","N","N","N","N","N","N","N","N","26,623","6.9%","632","2.0%","155","1.7%","N","N","835","0.7%","36","0.3%","2,438","2.5%","273","0.3%","384","1.1%","844","2.7%","45","0.2%","34,728","3.3%"
"        Median (dollars)","1,019","(X)","980","(X)","941","(X)","1,377","(X)","934","(X)","1,037","(X)","810","(X)","857","(X)","1,402","(X)","1,736","(X)","1,433","(X)","842","(X)","948","(X)","1,362","(X)","1,084","(X)","1,509","(X)","943","(X)","1,255","(X)","1,134","(X)","839","(X)","1,359","(X)"
"        No rent paid","N","(X)","N","(X)","N","(X)","2,008","(X)","362","(X)","N","(X)","N","(X)","N","(X)","N","(X)","10,786","(X)","860","(X)","706","(X)","N","(X)","5,029","(X)","942","(X)","2,048","(X)","1,457","(X)","999","(X)","409","(X)","2,379","(X)","39,177","(X)"
"GROSS RENT AS A PERCENTAGE OF HOUSEHOLD INCOME (GRAPI)","","","","","","","","","","","","","","","","","","","","","","","","","","","","","","","","","","","","","","","","","",""
"    Occupied units paying rent (excluding units where GRAPI cannot be computed)","22,489","22,489","9,431","9,431","8,790","8,790","59,940","59,940","14,293","14,293","8,754","8,754","10,190","10,190","7,619","7,619","8,810","8,810","381,508","381,508","31,152","31,152","8,976","8,976","4,058","4,058","117,774","117,774","13,546","13,546","96,794","96,794","78,838","78,838","33,734","33,734","31,010","31,010","27,935","27,935","1,029,327","1,029,327"
"        Less than 15.0 percent","2,865","12.7%","1,559","16.5%","905","10.3%","6,609","11.0%","1,993","13.9%","1,277","14.6%","2,411","23.7%","1,409","18.5%","600","6.8%","55,804","14.6%","2,845","9.1%","1,551","17.3%","630","15.5%","11,869","10.1%","2,232","16.5%","9,493","9.8%","10,870","13.8%","3,060","9.1%","4,440","14.3%","4,461","16.0%","134,610","13.1%"
"        15.0 to 19.9 percent","2,798","12.4%","1,446","15.3%","1,514","17.2%","7,849","13.1%","1,373","9.6%","941","10.7%","1,719","16.9%","1,088","14.3%","1,170","13.3%","56,049","14.7%","4,246","13.6%","1,064","11.9%","1,295","31.9%","15,193","12.9%","1,708","12.6%","11,212","11.6%","9,086","11.5%","3,746","11.1%","4,296","13.9%","2,615","9.4%","140,359","13.6%"
"        20.0 to 24.9 percent","2,994","13.3%","1,704","18.1%","1,334","15.2%","7,586","12.7%","1,907","13.3%","1,221","13.9%","697","6.8%","920","12.1%","1,413","16.0%","49,433","13.0%","2,627","8.4%","1,215","13.5%","647","15.9%","17,975","15.3%","1,637","12.1%","13,062","13.5%","12,057","15.3%","4,785","14.2%","3,794","12.2%","3,627","13.0%","136,424","13.3%"
"        25.0 to 29.9 percent","3,453","15.4%","338","3.6%","1,230","14.0%","8,203","13.7%","2,010","14.1%","1,261","14.4%","1,004","9.9%","1,001","13.1%","494","5.6%","48,161","12.6%","5,618","18.0%","1,142","12.7%","181","4.5%","12,646","10.7%","1,883","13.9%","13,239","13.7%","11,709","14.9%","3,277","9.7%","2,466","8.0%","3,953","14.2%","127,622","12.4%"
"        30.0 to 34.9 percent","1,812","8.1%","867","9.2%","822","9.4%","5,770","9.6%","1,449","10.1%","515","5.9%","1,358","13.3%","583","7.7%","1,166","13.2%","35,095","9.2%","3,576","11.5%","865","9.6%","331","8.2%","11,380","9.7%","1,864","13.8%","10,987","11.4%","6,694","8.5%","3,672","10.9%","2,234","7.2%","3,033","10.9%","98,398","9.6%"
"        35.0 percent or more","8,567","38.1%","3,517","37.3%","2,985","34.0%","23,923","39.9%","5,561","38.9%","3,539","40.4%","3,001","29.5%","2,618","34.4%","3,967","45.0%","136,966","35.9%","12,240","39.3%","3,139","35.0%","974","24.0%","48,711","41.4%","4,222","31.2%","38,801","40.1%","28,422","36.1%","15,194","45.0%","13,780","44.4%","10,246","36.7%","391,914","38.1%"
"        Not computed","1,045","(X)","1,384","(X)","866","(X)","2,266","(X)","692","(X)","751","(X)","674","(X)","637","(X)","797","(X)","15,296","(X)","1,219","(X)","841","(X)","572","(X)","6,314","(X)","1,232","(X)","3,167","(X)","2,796","(X)","1,608","(X)","629","(X)","2,778","(X)","53,458","(X)"